{"lr": 0.0019819639278557113, "data_time": 0.007426772117614746, "loss": 1.1908953574299812, "loss_rpn_cls": 0.3704289650917053, "loss_rpn_bbox": 0.04855506744235754, "loss_cls": 0.7064990416169167, "acc": 96.875, "loss_bbox": 0.06541228839021641, "time": 0.7555843734741211, "epoch": 1, "iter": 50, "memory": 3808, "step": 50}
{"lr": 0.0039839679358717435, "data_time": 0.004374690055847168, "loss": 0.5209364080429078, "loss_rpn_cls": 0.07866083730012179, "loss_rpn_bbox": 0.04010447499807924, "loss_cls": 0.24724706903100013, "acc": 94.140625, "loss_bbox": 0.15492402657866478, "time": 0.5192473030090332, "epoch": 1, "iter": 100, "memory": 3807, "step": 100}
